Account_Nbr,TZField,name
NULL,NULL,meldb_cl_72_US_ASG_static
NULL,NULL,meldb_cl_72_US_CARE_static
NULL,NULL,meldb_cl_72_US_CASG_static
NULL,NULL,meldb_cl_72_US_CLER_static
NULL,NULL,meldb_cl_72_US_CORP_static
NULL,NULL,meldb_cl_72_US_CORS_static
NULL,NULL,meldb_cl_72_US_CRAT_static
NULL,NULL,meldb_cl_72_US_CRP_VR_static
NULL,NULL,meldb_cl_72_US_DART_static
NULL,NULL,meldb_cl_72_US_IPT_static
NULL,NULL,meldb_cl_72_US_MCS_static
NULL,NULL,meldb_cl_72_US_OASG_static
NULL,NULL,meldb_cl_72_US_RandR_static
NULL,NULL,meldb_cl_72_US_RIT_static
NULL,NULL,meldb_cl_72_US_Seg1_static
NULL,NULL,meldb_cl_72_US_Seg2_static
NULL,NULL,meldb_cl_72_US_SegIH_static
NULL,NULL,meldb_cl_72_US_SPEC_static
NULL,NULL,meldb_cl_72_US_VAC_static
NULL,NULL,meldb_cl_CBN_static
NULL,NULL,meldb_cl_FastPath_Credit_Strategy_72_CBN_static
NULL,NULL,meldb_cl_FP_ASG_C_B1_static
NULL,NULL,meldb_cl_FP_ASG_C_B2_static
NULL,NULL,meldb_cl_FP_ASG_C_NP_static
NULL,NULL,meldb_cl_FP_ASG_C_S1_static
NULL,NULL,meldb_cl_FP_ASG_C_S2_static
NULL,NULL,meldb_cl_FP_ASG_R_B1_static
NULL,NULL,meldb_cl_FP_ASG_R_B2_static
NULL,NULL,meldb_cl_FP_ASG_R_NP_static
NULL,NULL,meldb_cl_FP_ASG_R_S1_static
NULL,NULL,meldb_cl_FP_ASG_R_S2_static
NULL,NULL,meldb_cl_FP_DY1_C_ALL_static
NULL,NULL,meldb_cl_FP_DY1_R_ALL_static
NULL,NULL,meldb_cl_FP_RIT_C_B1_static
NULL,NULL,meldb_cl_FP_RIT_C_B2_static
NULL,NULL,meldb_cl_FP_RIT_C_NP_static
NULL,NULL,meldb_cl_FP_RIT_C_S1_static
NULL,NULL,meldb_cl_FP_RIT_C_S2_static
NULL,NULL,meldb_cl_FP_RIT_R_B1_static
NULL,NULL,meldb_cl_FP_RIT_R_B2_static
NULL,NULL,meldb_cl_FP_RIT_R_NP_static
NULL,NULL,meldb_cl_FP_RIT_R_S1_static
NULL,NULL,meldb_cl_FP_RIT_R_S2_static
NULL,NULL,meldb_cl_GG_US_ASG_static
NULL,NULL,meldb_cl_GG_US_CARE_static
NULL,NULL,meldb_cl_GG_US_CASG_static
NULL,NULL,meldb_cl_GG_US_CLER_static
NULL,NULL,meldb_cl_GG_US_CORP_static
NULL,NULL,meldb_cl_GG_US_CORS_static
NULL,NULL,meldb_cl_GG_US_CRAT_static
NULL,NULL,meldb_cl_GG_US_DART_static
NULL,NULL,meldb_cl_GG_US_IPT_static
NULL,NULL,meldb_cl_GG_US_MCS_static
NULL,NULL,meldb_cl_GG_US_OASG_static
NULL,NULL,meldb_cl_GG_US_RandR_static
NULL,NULL,meldb_cl_GG_US_RIT_static
NULL,NULL,meldb_cl_GG_US_RP_static
NULL,NULL,meldb_cl_GG_US_Seg1_static
NULL,NULL,meldb_cl_GG_US_Seg2_static
NULL,NULL,meldb_cl_GG_US_Seg3_static
NULL,NULL,meldb_cl_GG_US_SegIH_static
NULL,NULL,meldb_cl_GG_US_SPEC_static
NULL,NULL,meldb_cl_GG_US_VAC_static
NULL,s.time_zone,meldb_cl_72_US_ASG_static
NULL,s.time_zone,meldb_cl_72_US_CARE_static
NULL,s.time_zone,meldb_cl_72_US_CASG_static
NULL,s.time_zone,meldb_cl_72_US_CLER_static
NULL,s.time_zone,meldb_cl_72_US_CORP_static
NULL,s.time_zone,meldb_cl_72_US_CORS_static
NULL,s.time_zone,meldb_cl_72_US_CRAT_static
NULL,s.time_zone,meldb_cl_72_US_CRP_VR_static
NULL,s.time_zone,meldb_cl_72_US_DART_static
NULL,s.time_zone,meldb_cl_72_US_IPT_static
NULL,s.time_zone,meldb_cl_72_US_MCS_static
NULL,s.time_zone,meldb_cl_72_US_OASG_static
NULL,s.time_zone,meldb_cl_72_US_RandR_static
NULL,s.time_zone,meldb_cl_72_US_RIT_static
NULL,s.time_zone,meldb_cl_72_US_Seg1_static
NULL,s.time_zone,meldb_cl_72_US_Seg2_static
NULL,s.time_zone,meldb_cl_72_US_SegIH_static
NULL,s.time_zone,meldb_cl_72_US_SPEC_static
NULL,s.time_zone,meldb_cl_72_US_VAC_static
NULL,s.time_zone,meldb_cl_CBN_static
NULL,s.time_zone,meldb_cl_FastPath_Credit_Strategy_72_CBN_static
NULL,s.time_zone,meldb_cl_FP_ASG_C_B1_static
NULL,s.time_zone,meldb_cl_FP_ASG_C_B2_static
NULL,s.time_zone,meldb_cl_FP_ASG_C_NP_static
NULL,s.time_zone,meldb_cl_FP_ASG_C_S1_static
NULL,s.time_zone,meldb_cl_FP_ASG_C_S2_static
NULL,s.time_zone,meldb_cl_FP_ASG_R_B1_static
NULL,s.time_zone,meldb_cl_FP_ASG_R_B2_static
NULL,s.time_zone,meldb_cl_FP_ASG_R_NP_static
NULL,s.time_zone,meldb_cl_FP_ASG_R_S1_static
NULL,s.time_zone,meldb_cl_FP_ASG_R_S2_static
NULL,s.time_zone,meldb_cl_FP_DY1_C_ALL_static
NULL,s.time_zone,meldb_cl_FP_DY1_R_ALL_static
NULL,s.time_zone,meldb_cl_FP_RIT_C_B1_static
NULL,s.time_zone,meldb_cl_FP_RIT_C_B2_static
NULL,s.time_zone,meldb_cl_FP_RIT_C_NP_static
NULL,s.time_zone,meldb_cl_FP_RIT_C_S1_static
NULL,s.time_zone,meldb_cl_FP_RIT_C_S2_static
NULL,s.time_zone,meldb_cl_FP_RIT_R_B1_static
NULL,s.time_zone,meldb_cl_FP_RIT_R_B2_static
NULL,s.time_zone,meldb_cl_FP_RIT_R_NP_static
NULL,s.time_zone,meldb_cl_FP_RIT_R_S1_static
NULL,s.time_zone,meldb_cl_FP_RIT_R_S2_static
NULL,s.time_zone,meldb_cl_GG_US_ASG_static
NULL,s.time_zone,meldb_cl_GG_US_CARE_static
NULL,s.time_zone,meldb_cl_GG_US_CASG_static
NULL,s.time_zone,meldb_cl_GG_US_CLER_static
NULL,s.time_zone,meldb_cl_GG_US_CORP_static
NULL,s.time_zone,meldb_cl_GG_US_CORS_static
NULL,s.time_zone,meldb_cl_GG_US_CRAT_static
NULL,s.time_zone,meldb_cl_GG_US_DART_static
NULL,s.time_zone,meldb_cl_GG_US_IPT_static
NULL,s.time_zone,meldb_cl_GG_US_MCS_static
NULL,s.time_zone,meldb_cl_GG_US_OASG_static
NULL,s.time_zone,meldb_cl_GG_US_RandR_static
NULL,s.time_zone,meldb_cl_GG_US_RIT_static
NULL,s.time_zone,meldb_cl_GG_US_RP_static
NULL,s.time_zone,meldb_cl_GG_US_Seg1_static
NULL,s.time_zone,meldb_cl_GG_US_Seg2_static
NULL,s.time_zone,meldb_cl_GG_US_Seg3_static
NULL,s.time_zone,meldb_cl_GG_US_SegIH_static
NULL,s.time_zone,meldb_cl_GG_US_SPEC_static
NULL,s.time_zone,meldb_cl_GG_US_VAC_static
s.account_nbr,NULL,meldb_cl_72_US_ASG_static
s.account_nbr,NULL,meldb_cl_72_US_CARE_static
s.account_nbr,NULL,meldb_cl_72_US_CASG_static
s.account_nbr,NULL,meldb_cl_72_US_CLER_static
s.account_nbr,NULL,meldb_cl_72_US_CORP_static
s.account_nbr,NULL,meldb_cl_72_US_CORS_static
s.account_nbr,NULL,meldb_cl_72_US_CRAT_static
s.account_nbr,NULL,meldb_cl_72_US_CRP_VR_static
s.account_nbr,NULL,meldb_cl_72_US_DART_static
s.account_nbr,NULL,meldb_cl_72_US_IPT_static
s.account_nbr,NULL,meldb_cl_72_US_MCS_static
s.account_nbr,NULL,meldb_cl_72_US_OASG_static
s.account_nbr,NULL,meldb_cl_72_US_RandR_static
s.account_nbr,NULL,meldb_cl_72_US_RIT_static
s.account_nbr,NULL,meldb_cl_72_US_Seg1_static
s.account_nbr,NULL,meldb_cl_72_US_Seg2_static
s.account_nbr,NULL,meldb_cl_72_US_SegIH_static
s.account_nbr,NULL,meldb_cl_72_US_SPEC_static
s.account_nbr,NULL,meldb_cl_72_US_VAC_static
s.account_nbr,NULL,meldb_cl_CBN_static
s.account_nbr,NULL,meldb_cl_FastPath_Credit_Strategy_72_CBN_static
s.account_nbr,NULL,meldb_cl_FP_ASG_C_B1_static
s.account_nbr,NULL,meldb_cl_FP_ASG_C_B2_static
s.account_nbr,NULL,meldb_cl_FP_ASG_C_NP_static
s.account_nbr,NULL,meldb_cl_FP_ASG_C_S1_static
s.account_nbr,NULL,meldb_cl_FP_ASG_C_S2_static
s.account_nbr,NULL,meldb_cl_FP_ASG_R_B1_static
s.account_nbr,NULL,meldb_cl_FP_ASG_R_B2_static
s.account_nbr,NULL,meldb_cl_FP_ASG_R_NP_static
s.account_nbr,NULL,meldb_cl_FP_ASG_R_S1_static
s.account_nbr,NULL,meldb_cl_FP_ASG_R_S2_static
s.account_nbr,NULL,meldb_cl_FP_DY1_C_ALL_static
s.account_nbr,NULL,meldb_cl_FP_DY1_R_ALL_static
s.account_nbr,NULL,meldb_cl_FP_RIT_C_B1_static
s.account_nbr,NULL,meldb_cl_FP_RIT_C_B2_static
s.account_nbr,NULL,meldb_cl_FP_RIT_C_NP_static
s.account_nbr,NULL,meldb_cl_FP_RIT_C_S1_static
s.account_nbr,NULL,meldb_cl_FP_RIT_C_S2_static
s.account_nbr,NULL,meldb_cl_FP_RIT_R_B1_static
s.account_nbr,NULL,meldb_cl_FP_RIT_R_B2_static
s.account_nbr,NULL,meldb_cl_FP_RIT_R_NP_static
s.account_nbr,NULL,meldb_cl_FP_RIT_R_S1_static
s.account_nbr,NULL,meldb_cl_FP_RIT_R_S2_static
s.account_nbr,NULL,meldb_cl_GG_US_ASG_static
s.account_nbr,NULL,meldb_cl_GG_US_CARE_static
s.account_nbr,NULL,meldb_cl_GG_US_CASG_static
s.account_nbr,NULL,meldb_cl_GG_US_CLER_static
s.account_nbr,NULL,meldb_cl_GG_US_CORP_static
s.account_nbr,NULL,meldb_cl_GG_US_CORS_static
s.account_nbr,NULL,meldb_cl_GG_US_CRAT_static
s.account_nbr,NULL,meldb_cl_GG_US_DART_static
s.account_nbr,NULL,meldb_cl_GG_US_IPT_static
s.account_nbr,NULL,meldb_cl_GG_US_MCS_static
s.account_nbr,NULL,meldb_cl_GG_US_OASG_static
s.account_nbr,NULL,meldb_cl_GG_US_RandR_static
s.account_nbr,NULL,meldb_cl_GG_US_RIT_static
s.account_nbr,NULL,meldb_cl_GG_US_RP_static
s.account_nbr,NULL,meldb_cl_GG_US_Seg1_static
s.account_nbr,NULL,meldb_cl_GG_US_Seg2_static
s.account_nbr,NULL,meldb_cl_GG_US_Seg3_static
s.account_nbr,NULL,meldb_cl_GG_US_SegIH_static
s.account_nbr,NULL,meldb_cl_GG_US_SPEC_static
s.account_nbr,NULL,meldb_cl_GG_US_VAC_static